INSERT INTO artists (id, name, genre) VALUES
(1, 'DAngelo', 'Neo-Soul'),
(2, 'Horse Feathers', 'Folk'),
(3, 'Lauryn Hill', 'Hip Hop'),
(4, 'M.I.A.', 'Hip Hop'),
(5, 'Radiohead', 'Electronic Rock'),
(6, 'Santogold', 'Alternative Hip Hop'),
(7, 'TV On The Radio', 'Rock')
;

INSERT INTO albums (id, artist_id, title, year) VALUES
(1, 1, 'Voodoo', 2000),
(2, 1, 'Brown Sugar', 1995),
(3, 2, 'House with No Home', 2008),
(4, 3, 'The Miseducation Of Lauryn Hill', 1998),
(5, 4, 'Kala', 2007),
(6, 5, 'In Rainbows', 2007),
(7, 5, 'Amnesiac', 2001),
(8, 6, 'Santogold', 2008),
(9, 7, 'Dear Science', 2008),
(10, 7, 'Desperate Youth, Blood Thirsty Babes', 2004)
;

INSERT INTO songs (id, title, album_id, length, track_no) VALUES
(1, 'Playa Playa', 1, 426, 1),
(2, 'Devil´s Pie', 1, 321, 2),
(3, 'Left & Right (Featuring Method Man And Redman)', 1, 286, 3),
(4, 'The Line', 1, 316, 4),
(5, 'Send It On', 1, 356, 5),
(6, 'Chicken Grease', 1, 278, 6),
(7, 'One Mo´gin', 1, 373, 7),
(8, 'The Root', 1, 393, 8),
(9, 'Spanish Joint', 1, 344, 9),
(10, 'Feel Like Makin´ Love', 1, 382, 10),
(11, 'Greatdayndamorn´/Booty', 1, 455, 11),
(12, 'Untitled (How Does It Feel)', 1, 430, 12),
(13, 'Brown Sugar', 2, 263, 1),
(14, 'Alright', 2, 313, 2),
(15, 'Jonz In My Bonz', 2, 356, 3),
(16, 'Me And Those Dreamin´ Eyes Of Mine', 2, 286, 4),
(17, 'Shit, Damn, Motherfucker', 2, 314, 5),
(18, 'Smooth', 2, 259, 6),
(19, 'Cruisin', 2, 384, 7),
(20, 'When We Get By', 2, 344, 8),
(21, 'Lady', 2, 346, 9),
(22, 'Higher', 2, 327, 10),
(23, 'Curs in the Weeds', 3, 210, 1),
(24, 'Rude to Rile', 3, 209, 2),
(25, 'Working Poor', 3, 196, 3),
(26, 'Albina', 3, 137, 4),
(27, 'A Burden', 3, 211, 5),
(28, 'Helen', 3, 260, 6),
(29, 'Father (Reprise)', 3, 121, 7),
(30, 'Heathen´s Kiss', 3, 280, 8),
(31, 'Different Gray', 3, 176, 9),
(32, 'This Is What', 3, 189, 10),
(33, 'Father', 3, 210, 11),
(34, 'Intro', 4, 47, 1),
(35, 'Lost Ones', 4, 333, 2),
(36, 'Ex Factor', 4, 326, 3),
(37, 'To Zion', 4, 369, 4),
(38, 'Doo Wop (That Thing)', 4, 320, 5),
(39, 'Superstar', 4, 297, 6),
(40, 'Final Hour', 4, 256, 7),
(41, 'When It Hurts So Bad', 4, 342, 8),
(42, 'I Used To Love Him', 4, 339, 9),
(43, 'Forgive Them Father', 4, 315, 10),
(44, 'Every Ghetto Every City', 4, 314, 11),
(45, 'Nothing Even Matters', 4, 350, 12),
(46, 'Everything Is Everything', 4, 293, 13),
(47, 'Miseducation Of Lauryn Hill', 4, 257, 14),
(48, 'Can´t Take My Eyes Off Of You', 4, 221, 15),
(49, 'Tell Him', 4, 280, 16),
(50, 'Bamboo Banger', 5, 298, 1),
(51, 'Bird Flu', 5, 204, 2),
(52, 'Boyz', 5, 207, 3),
(53, 'Jimmy', 5, 209, 4),
(54, 'Hussel (feat. Afrikan Boy)', 5, 265, 5),
(55, 'Mango Pickle Down River (with The Wilcannia Mob)', 5, 233, 6),
(56, '$20', 5, 274, 7),
(57, 'Down River', 5, 233, 8),
(58, 'The Turn', 5, 232, 9),
(59, 'XR2', 5, 260, 10),
(60, 'Paper Planes', 5, 204, 11),
(61, 'Come Around (feat. Timbaland)', 5, 233, 12),
(62, '15 Step', 6, 237, 1),
(63, 'Bodysnatchers', 6, 242, 2),
(64, 'Nude', 6, 255, 3),
(65, 'Weird Fishes/Arpeggi', 6, 318, 4),
(66, 'All I Need', 6, 228, 5),
(67, 'Faust Arp', 6, 129, 6),
(68, 'Reckoner', 6, 290, 7),
(69, 'House Of Cards', 6, 328, 8),
(70, 'Jigsaw Falling Into Place', 6, 248, 9),
(71, 'Videotape', 6, 279, 10),
(72, 'Packt Like Sardines In A Crushd Tin Box', 7, 240, 1),
(73, 'Pyramid Song', 7, 288, 2),
(74, 'Pulk/Pull Revolving Doors', 7, 247, 3),
(75, 'You And Whose Army?', 7, 190, 4),
(76, 'I Might Be Wrong', 7, 293, 5),
(77, 'Knives Out', 7, 254, 6),
(78, 'Morning Bell/Amnesiac', 7, 194, 7),
(79, 'Dollars & Cents', 7, 291, 8),
(80, 'Hunting Bears', 7, 121, 9),
(81, 'Like Spinning Plates', 7, 237, 10),
(82, 'Life In A Glass House', 7, 274, 11),
(83, 'Anne', 8, 208, 1),
(84, 'Creator', 8, 213, 2),
(85, 'I´m a Lady', 8, 223, 3),
(86, 'LES artistes', 8, 204, 4),
(87, 'Lights Out', 8, 192, 5),
(88, 'My Superman', 8, 180, 6),
(89, 'Say Aha', 8, 215, 7),
(90, 'shove It', 8, 226, 8),
(91, 'Startruck', 8, 234, 9),
(92, 'Unstppable', 8, 212, 10),
(93, 'You´ll Find A Way', 8, 180, 11),
(94, 'You´ll Find A way(remix)', 8, 192, 12),
(95, 'Halfway Home', 9, 331, 1),
(96, 'Crying', 9, 250, 2),
(97, 'Dancing Choose', 9, 176, 3),
(98, 'Stork And Owl', 9, 241, 4),
(99, 'Golden Age', 9, 251, 5),
(100, 'Family Tree', 9, 333, 6),
(101, 'Red Dress', 9, 265, 7),
(102, 'Love Dog', 9, 336, 8),
(103, 'Shout Me Out', 9, 255, 9),
(104, 'DLZ', 9, 228, 10),
(105, 'Lover´s Day', 9, 355, 11),
(106, 'The Wrong Way', 10, 278, 1),
(107, 'Staring at the Sun', 10, 206, 2),
(108, 'Dreams', 10, 309, 3),
(109, 'King Eternal', 10, 267, 4),
(110, 'Ambulance', 10, 294, 5),
(111, 'Poppy', 10, 367, 6),
(112, 'Don´t Love You', 10, 331, 7),
(113, 'Bomb Yourself', 10, 331, 8),
(114, 'Wear You Out', 10, 440, 9),
(115, 'You Could Be Love', 10, 436, 10),
(116, 'Staring at the Sun (Demo)', 10, 377, 11)
;
